annotation_id,item_id,movieId,title,genres,release_date,poster_url,overview,vlm_visual_information_gap_score,vlm_cross_modal_gap_score,vlm_reason,vlm_main_objects,vlm_setting,vlm_visible_action,vlm_missing_information,vlm_genre_ambiguity,vlm_emotional_tension,vlm_implied_question,score_bin,human_missing_context_1_5,human_visual_ambiguity_1_5,human_emotional_tension_1_5,human_curiosity_1_5,human_notes
A001,849,849,Escape from L.A. (1996),Action|Adventure|Sci-Fi|Thriller,1996-08-09,https://image.tmdb.org/t/p/w500/3L9lL2eUsmLNNfENPwNOc82Hzpw.jpg,Into the 9.6-quaked Los Angeles of 2013 comes Snake Plissken. His job: wade through L.A.'s ruined landmarks to retrieve a doomsday device.,1.0,0.6136111111111112,the image implies an unresolved question: What is the relationship between the man with the gun and the surfing activity?,gun | man with eyepatch | surfboard | waves | palm trees,a beach with palm trees and waves crashing into the shore,a man holding a gun while surfing,the man's face without the eyepatch | the exact location of the gun | the time of day | the weather conditions | the identity of the man,action | thriller | adventure,danger | intense focus | excitement,What is the relationship between the man with the gun and the surfing activity?,high,,,,,
A002,466,466,Hot Shots! Part Deux (1993),Action|Comedy|War,1993-05-21,https://image.tmdb.org/t/p/w500/zh9EGK970GHo10ETclWBOjZVUOK.jpg,"Topper Harley is found to be working as an odd-job-man in a monastery. The CIA want him to lead a rescue mission into Iraq, to rescue the last rescue team, who went in to rescue the last rescue team—who went in to rescue hostages left behind after Desert Storm.",1.0,0.7074561403508772,the image implies an unresolved question: What is the significance of the chicken in this scene?,man holding bow | white chicken | fire background | text 'HOT SHOTS! PART DEUX' | man's headband,fiery backdrop suggesting a dramatic or intense scenario,holding a bow,exact details of the man's face | specific type of bow being used | the exact color of the chicken's beak | whether the chicken is alive or dead | the specific location where this scene takes place,action | comedy | fantasy,dramatic | funny | confusing,What is the significance of the chicken in this scene?,high,,,,,
A003,3011,3011,"They Shoot Horses, Don't They? (1969)",Drama,1969-12-10,https://image.tmdb.org/t/p/w500/7wVLBgriOQpT5RrufAFCdCSUp7M.jpg,"In the midst of the Great Depression, manipulative emcee Rocky enlists contestants for a dance marathon offering a $1,500 cash prize. Among them are a failed actress, a middle-aged sailor, a delusional blonde and a pregnant girl.",0.8,0.8017543859649123,"the image implies an unresolved question: What is the significance of the phrase 'They Shoot Horses, Don't They?' in this image?","disco ball | people's faces | man singing into microphone | text 'THEY SHOOT HORSES, DON'T THEY?'",a disco setting with colorful lights and a large disco ball,"people's faces are superimposed onto the disco ball, creating a collage effect",the exact expressions of the people's faces | the specific colors of the disco ball | the background details beyond the disco ball | the full body of the man singing into the microphone | the precise location of the text,drama | comedy | music video,excitement | nostalgia | mystery,"What is the significance of the phrase 'They Shoot Horses, Don't They?' in this image?",middle,,,,,
A004,1862,1862,Species II (1998),Horror|Sci-Fi,1998-04-10,https://image.tmdb.org/t/p/w500/8LSBi0bHACZtIiVErUBQ2UXNYLA.jpg,"Having just returned from a mission to Mars, Commander Ross isn't exactly himself. He's slowly becoming a terrifying alien entity with one goal -- to procreate with human women! When countless women suffer gruesome deaths after bearing half-alien offspring, scientist Laura Baker and hired assassin Press Lennox use Eve, a more tempered alien clone, to find Ross and his brood. Before long Eve escapes to mate with Ross.",0.6,0.8642605633802818,the image implies an unresolved question: What is the relationship between the alien creature and the human female character?,Alien creature | Human female character | Red background | Spotted eyes | Finger,"A dark, starry space environment.",The alien creature is holding the human female's finger.,The full body of the human female character.,Science fiction | Horror | Action,Fear | Suspense | Intimidation,What is the relationship between the alien creature and the human female character?,low,,,,,
A005,2457,2457,Running Scared (1986),Action|Comedy,1986-06-27,https://image.tmdb.org/t/p/w500/nSiRjhc7aTVPonXAhmTZAPqd2jT.jpg,Two street-wise Chicago cops have to shake off some rust after returning from a Key West vacation to pursue a drug dealer that nearly killed them in the past.,0.7000000000000001,0.8580357142857143,the image implies an unresolved question: What is the significance of the police car being spray-painted with 'IN MARKETS POLICE CAR'?,Gregory Hines | Billy Crystal | Police car | Building facade | Graffiti,"Urban street at night, featuring a brick building with red windows and graffiti.",Two men standing next to a police car with graffiti reading 'IN MARKETS POLICE CAR'.,The faces of Gregory Hines and Billy Crystal. | The exact location of the police car relative to the building.,Comedy | Crime | Drama,Humor | Suspense | Irony,What is the significance of the police car being spray-painted with 'IN MARKETS POLICE CAR'?,low,,,,,
A006,1029,1029,Dumbo (1941),Animation|Children|Drama|Musical,1941-10-31,https://image.tmdb.org/t/p/w500/4x9FmvdJ464Fg7A9XcbYSmxfVw3.jpg,"Dumbo is a baby elephant born with over-sized ears and a supreme lack of confidence. But thanks to his even more diminutive buddy Timothy the Mouse,  the pint-sized pachyderm learns to surmount all obstacles.",0.6,0.891326530612245,the image implies an unresolved question: What is happening to Dumbo?,Dumbo | Jumbo | Circus tent | Feathered hat | Red cape,A circus tent with a clear blue sky and fluffy clouds in the background.,Flying,The exact location of Dumbo within the circus tent.,Animation | Children's film | Comedy,Excitement | Adventure | Joy,What is happening to Dumbo?,low,,,,,
A007,2730,2730,Barry Lyndon (1975),Drama|Romance|War,1975-12-18,https://image.tmdb.org/t/p/w500/A0byHUHMwZ7dtBQtfZ44QIgDbjo.jpg,"An Irish rogue uses his cunning and wit to work his way up the social classes of 18th century England, transforming himself from the humble Redmond Barry into the noble Barry Lyndon.",0.7000000000000001,0.965625,the image implies an unresolved question: What is the significance of the gun in this scene?,Barry Lyndon | gun | flowers | castle | children,Victorian-era countryside with a castle in the background.,"A couple is kissing under a tree, while children play nearby.",The exact location within the castle grounds. | The identity of the characters outside the frame.,Historical drama | Romantic comedy | Adventure,Love | Adoration | Nostalgia,What is the significance of the gun in this scene?,low,,,,,
A008,526,526,"Savage Nights (Nuits fauves, Les) (1992)",Drama,1992-10-21,https://image.tmdb.org/t/p/w500/wPzs0G2LV6shi0zpxdYOVZcuBDP.jpg,"Jean is young, gay, and promiscuous. Only after he meets one or two women, including Laura, does he come to realize his bisexuality. Jean has to overcome a personal crisis and a tough choice between Laura and his male lover Samy.",0.8,0.8398148148148149,the image implies an unresolved question: What is the person trying to achieve?,person | watch | text | wall | hand,"indoor, possibly at night, with warm lighting","person leaning against wall, hand reaching out","exact location (e.g., room, hallway) | person's identity | reason for person's position | time of day | weather conditions",drama | romance | mystery,loneliness | desperation | urgency,What is the person trying to achieve?,middle,,,,,
A009,3089,3089,Bicycle Thieves (a.k.a. The Bicycle Thief) (a.k.a. The Bicycle Thieves) (Ladri di biciclette) (1948),Drama,1948-07-21,https://image.tmdb.org/t/p/w500/iPdVqIpmR3bRvOQJPrn4pr2KR3q.jpg,"Unemployed Antonio is elated when he finally finds work hanging posters around war-torn Rome. However on his first day, his bicycle—essential to his work—gets stolen. His job is doomed unless he can find the thief. With the help of his son, Antonio combs the city, becoming desperate for justice.",0.8,0.8319672131147542,the image implies an unresolved question: What is the relationship between the man and the child?,man wearing a hat | child squatting down | bicycle | snowy ground | cloudy sky,winter landscape with snow-covered ground and a cloudy sky.,sitting and talking,the bicycle's location relative to the characters | the exact color of the man's coat | the child's facial expression | the weather conditions at the time of the photo | the specific type of hat worn by the man,drama | western | family film,sadness | hope | curiosity,What is the relationship between the man and the child?,middle,,,,,
A010,2424,2424,You've Got Mail (1998),Comedy|Romance,1998-12-18,https://image.tmdb.org/t/p/w500/e2uVtH6TpMfUl7WeOM70ezkcjsU.jpg,Book superstore magnate Joe Fox and independent book shop owner Kathleen Kelly fall in love in the anonymity of the Internet—both blissfully unaware that he's trying to put her out of business.,0.6,0.6431034482758622,the image implies an unresolved question: What is the relationship between the two people in the image?,Tom Hanks | Meg Ryan | dog | keyboard | text 'You've Got Mail',"A bright, outdoor scene with greenery in the background.","Two people standing next to each other, with one person hugging another from behind, and a dog standing nearby.",The specific location or setting details beyond the immediate surroundings.,Comedy | Romance | Drama,Love | Happiness | Embracing,What is the relationship between the two people in the image?,low,,,,,
A011,364,364,"Lion King, The (1994)",Adventure|Animation|Children|Drama|Musical|IMAX,1994-06-15,https://image.tmdb.org/t/p/w500/sKCr78MXSLixwmZ8DyJLrpMsd15.jpg,"Young lion prince Simba, eager to one day become king of the Pride Lands, grows up under the watchful eye of his father Mufasa; all the while his villainous uncle Scar conspires to take the throne for himself. Amid betrayal and tragedy, Simba must confront his past and find his rightful place in the Circle of Life.",0.6,0.8236024844720498,the image implies an unresolved question: What is Simba's next move in this tense situation?,Simba | Scar | Timon | Pumbaa | Mufasa,"A warm, fiery background suggesting a dramatic or intense moment.","Simba is looking over his shoulder towards Scar and Timon/Pumbaa, who are standing behind him.",The exact location or setting beyond the fiery backdrop.,Animation | Adventure | Family,Determination | Conflict | Adversity,What is Simba's next move in this tense situation?,low,,,,,
A012,2151,2151,"Gods Must Be Crazy II, The (1989)",Comedy,1989-07-01,https://image.tmdb.org/t/p/w500/sxPpBTB2Rd5PHs97E2zn0t9GCSp.jpg,"Xixo is back again. This time, his children accidentally stow away on a fast-moving poachers' truck, unable to get off, and Xixo sets out to rescue them. Along the way, he encounters a couple of soldiers trying to capture each other and a pilot and passenger of a small plane, who are each having a few problems of their own.",1.0,0.8423611111111112,the image implies an unresolved question: What is happening to the woman in the red dress?,"a woman in a red dress | a rhinoceros | three people (two adults, one child) | an ostrich | a helicopter",a desert landscape with animals and people,the woman is being lifted into the air by the helicopter,the exact location of the helicopter's landing pad | the reason why the woman is being lifted | the identity of the man inside the helicopter | the expressions of the three people | the background details behind the animals,comedy | action | fantasy,surprise | amazement | excitement,What is happening to the woman in the red dress?,high,,,,,
A013,2430,2430,Mighty Joe Young (1949),Adventure|Children|Drama,1949-07-13,https://image.tmdb.org/t/p/w500/tTTS9Bi7JReyGpCKyDuyZNSLTT4.jpg,"A young woman, Jill Young, grew up on her father's ranch in Africa, raising a large gorilla named Joe from an infant. Years later, she brings him to Hollywood to become a star.",1.0,0.9508928571428572,the image implies an unresolved question: What is the purpose of the event where a giant gorilla lifts a piano?,giant gorilla | woman in pink dress | grand piano | people in formal attire | text 'MIGHTY JOE YOUNG',a formal event with people dressed in suits and a grand piano in the background.,the gorilla is lifting the piano above its head while the woman plays it.,"the exact location (e.g., theater, ballroom) | the time of day | the reason for the event | the expressions of the people in the background | the color of the gorilla's skin",comedy | fantasy | musical,amazement | entertainment | surprise,What is the purpose of the event where a giant gorilla lifts a piano?,high,,,,,
A014,2320,2320,Apt Pupil (1998),Drama|Thriller,1998-10-23,https://image.tmdb.org/t/p/w500/pU3fvfSvrs5pZFdODPCzoLk95Ws.jpg,"One day in 1984, Todd Bowden, a brilliant high school boy fascinated by the history of Nazism, stumbles across an old man whose appearance resembles that of Kurt Dussander, a wanted Nazi war criminal. A month later, Todd decides to knock on his door.",0.9000000000000001,0.9601449275362319,the image implies an unresolved question: What is the relationship between the two individuals depicted?,Graduation cap | Nazi uniform | Red tassel | Glasses | Man's face,"A historical or wartime setting, possibly a school or military environment.","The graduation cap suggests a formal event, while the Nazi uniform indicates a historical or wartime context.",The background details are unclear. | The expressions of both individuals are not fully visible.,Historical drama | War film | Educational documentary,Respect | Contrast | Curiosity,What is the relationship between the two individuals depicted?,high,,,,,
A015,230,230,Dolores Claiborne (1995),Drama|Thriller,1995-03-24,https://image.tmdb.org/t/p/w500/iQuwx3UAyXbE9tzdM3jLqtbogc4.jpg,"Dolores Claiborne was accused of killing her abusive husband twenty years ago, but the court's findings were inconclusive and she was allowed to walk free. Now she has been accused of killing her employer, Vera Donovan, and this time there is a witness who can place her at the scene of the crime. Things look bad for Dolores when her daughter Selena, a successful Manhattan magazine writer, returns to cover the story.",0.7000000000000001,0.8673780487804879,the image implies an unresolved question: What might be the relationship between the two individuals?,Dolores Claiborne | a woman with long hair | a house at sunset | a person wearing a hat | a person with a serious expression,A rural landscape during sunset with a house in the background.,"Two people are looking towards each other, possibly conversing or observing something together.",The faces of the two individuals are partially obscured. | The exact expressions of the individuals are unclear due to the lighting.,Drama | Mystery | Horror,Seriousness | Curiosity | Suspense,What might be the relationship between the two individuals?,low,,,,,
A016,2295,2295,"Impostors, The (1998)",Comedy,1998-10-02,https://image.tmdb.org/t/p/w500/pnL8MvYje9DOZTuTnF04k8RUkSL.jpg,"Wrongly accused of physically abusing a fellow actor, starving thespians Arthur and Maurice find themselves pursued by the law aboard a cruise ship.",0.8,0.8250000000000001,the image implies an unresolved question: What is the relationship between the two men and why are they pointing at each other?,two men wearing suits | one man pointing at the other | orange background | text 'The Impostors' | hat worn by both men,"a simple, orange background",pointing,names of the actors | specific details about the suits | the exact expressions of the men | any additional props or accessories | the location where this scene takes place,comedy | drama | historical fiction,confusion | misdirection | suspense,What is the relationship between the two men and why are they pointing at each other?,middle,,,,,
A017,3527,3527,Predator (1987),Action|Sci-Fi|Thriller,1987-06-12,https://image.tmdb.org/t/p/w500/k3mW4qfJo6SKqe6laRyNGnbB9n5.jpg,A team of elite commandos on a secret mission in a Central American jungle come to find themselves hunted by an extraterrestrial warrior.,0.8,0.8687500000000001,the image implies an unresolved question: What is the significance of the yellow and red splatter effect?,man holding gun | green leafy background | text 'Predator' | yellow and red splatter effect | man's muscular arms,jungle or forest environment,holding a gun,identity of the man | exact location of the man | type of weapon being held | weather conditions | additional details about the splatter effect,action | science fiction | horror,intense | dangerous | confident,What is the significance of the yellow and red splatter effect?,middle,,,,,
A018,63,63,Don't Be a Menace to South Central While Drinking Your Juice in the Hood (1996),Comedy|Crime,1996-01-12,https://image.tmdb.org/t/p/w500/HZQBF7JDd2e9p4rPSbSHuWHaCC.jpg,"When Ashtray moves to South Central L.A. to live with his father (who appears to be the same age he is) and grandmother (who likes to talk tough and smoke reefer), he falls in with his gang-banging cousin Loc Dog, who along with the requisite pistols and Uzi carries a thermo-nuclear warhead for self-defense. Will Ashtray be able to keep living the straight life?",0.8,0.8806250000000001,the image implies an unresolved question: What is the relationship between the two men and their toy guns?,two men holding toy guns | one man wearing a blue shirt | the other man wearing a plaid shirt | a green and yellow toy gun | pink slippers worn by the man in the blue shirt,"an abstract, stylized background that resembles a piece of paper or canvas",holding toy guns,the faces of the men | the exact location where the men are standing | the color of the ground beneath them | any text or logos beyond the main title | the specific type of toy guns being held,cartoon | comedy | humor,playfulness | innocence | mockery,What is the relationship between the two men and their toy guns?,middle,,,,,
A019,2150,2150,"Gods Must Be Crazy, The (1980)",Adventure|Comedy,1980-09-10,https://image.tmdb.org/t/p/w500/wntGWN2mpeS3QaUm1PTKAcTM9K7.jpg,A Coca-Cola bottle dropped from an airplane raises havoc among a normally peaceful tribe of African bushmen who believe it to be a utensil of the gods.,1.0,0.9551020408163267,the image implies an unresolved question: What is causing the chaos depicted in this image?,bottle | airplane | stop sign | people running | soldiers,a chaotic scene with people running and soldiers holding guns.,running away from soldiers and towards a stop sign.,"the exact location of the scene (e.g., city street) | the reason why people are running | who the soldiers are protecting against | what the airplane is doing | the color of the bottle",cartoon | comic book | political satire,anxiety | fear | confusion,What is causing the chaos depicted in this image?,high,,,,,
A020,1695,1695,Artemisia (1997),Drama,1997-09-10,https://image.tmdb.org/t/p/w500/5mMzt0Cw99wNk0xTT7YOdRxaqZp.jpg,"The story of Artemisia Gentileschi (1593-1653), one of the first well-known female painters, including her youth, when she was guided and protected by her father, the painter Orazio Gentileschi.",0.6,0.8265957446808512,the image implies an unresolved question: What is Michel Serrault doing in this image?,Michel Serrault | Valentina Cervi | Miki Manojlovic | Artemisia | A person making a hand gesture,The background appears to be a stage or performance setting.,Making a hand gesture that resembles a phone call.,The specific details of the performance or event.,Drama | Musical | Theater,Excitement | Confidence | Engagement,What is Michel Serrault doing in this image?,low,,,,,
A021,3697,3697,Predator 2 (1990),Action|Sci-Fi|Thriller,1990-11-21,https://image.tmdb.org/t/p/w500/83X4VwY9sdSJykskmsplIVG0a4h.jpg,A police chief in the war-torn streets of Los Angeles discovers that an extraterrestrial creature is hunting down residents - and that he is the next target.,0.8,0.8687500000000001,the image implies an unresolved question: What is the Predator planning to do next?,Predator | skull | gun | cityscape | night sky,A city at night with tall buildings and a dark sky.,"The Predator is holding a skull and a gun, standing on a ledge overlooking the city.",The Predator's face is not clearly visible. | There are no other characters present in the image. | The exact location of the cityscape is unclear.,Action | Science Fiction | Horror,Fear | Suspense | Adrenaline,What is the Predator planning to do next?,middle,,,,,
A022,2726,2726,"Killing, The (1956)",Crime|Film-Noir,1956-06-06,https://image.tmdb.org/t/p/w500/A6VzUPcADZGYdGHlVdWvpMNDF5d.jpg,"Career criminal Johnny Clay recruits a sharpshooter, a crooked police officer, a bartender and a betting teller named George, among others, for one last job before he goes straight and gets married. But when George tells his restless wife about the scheme to steal millions from the racetrack where he works, she hatches a plot of her own.",1.0,0.9876404494382023,the image implies an unresolved question: What is the reason behind the man's presence with the rifle and the group of people on horseback?,man holding a rifle | money scattered on the ground | group of people on horseback | black hat worn by man | blue sky background,Western scene with a man holding a rifle and money scattered on the ground.,The man appears to be pointing his rifle at something off-screen while standing next to a group of people on horseback.,"exact location (e.g., town square) | reason for the man's presence with the rifle | identity of the people on horseback | weather conditions (e.g., rain) | specific time of day",western | crime drama | historical fiction,anxiety | danger | conflict,What is the reason behind the man's presence with the rifle and the group of people on horseback?,high,,,,,
A023,2327,2327,Tales from the Darkside: The Movie (1990),Fantasy|Horror|Thriller,1990-05-03,https://image.tmdb.org/t/p/w500/5q8WK4gW45Knxhpb29IVOCbbfI7.jpg,A young boy tells three stories of horror to distract a witch who plans to eat him.,1.0,0.8625862068965517,the image implies an unresolved question: What is the significance of the monster reading the book?,hands holding an open book | a monstrous face emerging from the pages | lightning bolts | the title 'Tales From The Darkside THE MOVIE',"a dark, ominous environment with red and blue hues, possibly representing a supernatural or horror setting.","a monstrous face is emerging from the pages of an open book held by two hands, suggesting a connection between the book's contents and the monster.",the exact location where the book is being read | the identity of the monster | the reason why the monster is reading the book,horror | supernatural | dark fantasy,fear | curiosity | anticipation,What is the significance of the monster reading the book?,high,,,,,
A024,728,728,Cold Comfort Farm (1995),Comedy,1995-01-01,https://image.tmdb.org/t/p/w500/fkPm7MQhn3YqcRDM9qFDKNHiw7D.jpg,"In this adaptation of the satirical British novel, Flora Poste, a plucky London society girl orphaned at age 19, finds a new home with some rough relatives, the Starkadders of Cold Comfort Farm. With a take-charge attitude and some encouragement from her mischievous friend, Mary, Flora changes the Starkadders' lives forever when she settles into their rustic estate, bringing the backward clan up to date and finding inspiration for her novel in the process.",0.8,0.8419117647058825,the image implies an unresolved question: What is the significance of the road sign and the suitcases?,two women | suitcase | road sign | suitcases | landscape,rural road with greenery and blue sky,standing next to suitcases,names of the women | exact location of the road sign | weather conditions | clothing details of the women | possible destination of the women,drama | comedy | historical fiction,anticipation | departure | nostalgia,What is the significance of the road sign and the suitcases?,middle,,,,,
A025,1810,1810,Primary Colors (1998),Comedy|Drama,1998-03-20,https://image.tmdb.org/t/p/w500/RXEgVSEBkMnV8LkEGkBpuz3mkD.jpg,"In this adaptation of the best-selling roman à clef about Bill Clinton's 1992 run for the White House, the young and gifted Henry Burton is tapped to oversee the presidential campaign of Governor Jack Stanton. Burton is pulled into the politician's colorful world and looks on as Stanton -- who has a wandering eye that could be his downfall -- contends with his ambitious wife, Susan, and an outspoken adviser, Richard Jemmons.",0.7000000000000001,0.6796296296296297,the image implies an unresolved question: What is the significance of this group's presence in front of the American flag?,John Travolta | Emma Thompson | Billy Bob Thornton | Adrian Lester | Maura Tierney,A formal event or gathering with a patriotic theme.,"Standing together, looking forward, possibly at an audience or a screen.","The exact location of the event (e.g., indoor or outdoor) | The specific occasion being depicted (e.g., political rally, award show)",Drama | Comedy | Politics,Confidence | Professionalism | Patriotism,What is the significance of this group's presence in front of the American flag?,low,,,,,
A026,1216,1216,"Big Blue, The (Grand bleu, Le) (1988)",Adventure|Drama|Romance,1988-05-10,https://image.tmdb.org/t/p/w500/3t5t7yaFiTJQlqxiTkXJMFZdkh3.jpg,"Childhood friends Jacques and Enzo share a passion for the danger of free diving. Jacques, following in the footsteps of his father, who died at sea when Jacques was a boy, harbors a remarkable ability to adjust his heart rate and breathing patterns in the water, with his vital signs more closely resembling those of dolphins than men.",0.6,0.7474999999999999,the image implies an unresolved question: What is the relationship between the dolphin and the person?,dolphin | person | ocean | night sky | stars,A serene ocean at night with a starry sky above.,A dolphin leaps out of the water towards a person in the water.,The identity of the person in the water.,Adventure | Nature | Drama,Amazement | Connection | Wonder,What is the relationship between the dolphin and the person?,low,,,,,
A027,94,94,Beautiful Girls (1996),Comedy|Drama|Romance,1996-02-09,https://image.tmdb.org/t/p/w500/sHcx1fBmrtZYvFmUywU0d5cvIFd.jpg,"During a snowy winter in the small fictional town of Knight's Ridge, Massachusetts, a group of lifelong buddies hang out, drink and struggle to connect with the women who affect their decisions, dreams and desires.",0.8,0.5141304347826088,the image implies an unresolved question: What kind of drinks do they prefer at this bar?,people | beer glasses | table | bar | smiling faces,a bar with people sitting around a table,drinking beer,names of individuals | exact location of the bar | type of drinks other than beer | weather conditions outside | time of day,comedy | drama | romance,joy | relaxation | friendship,What kind of drinks do they prefer at this bar?,middle,,,,,
A028,415,415,Another Stakeout (1993),Comedy|Thriller,1993-07-22,https://image.tmdb.org/t/p/w500/hBItFUmCrRS1mel0TM69ymBD79k.jpg,A pair of immature detectives are joined by a pesky assistant district attorney in staking out a lakeside home where an important Mafia trial witness is believed to be heading.,0.8,0.8744047619047619,the image implies an unresolved question: What is happening behind the blinds?,A woman | A man | A dog | Blinds | Text,The image appears to be a movie poster with a window covered by blinds.,Peering through blinds,The expressions of the people behind the blinds | The exact color of the dog's fur | The specific details of the text | The background outside the window | The time of day depicted,Action | Comedy | Mystery,Suspense | Curiosity | Surprise,What is happening behind the blinds?,middle,,,,,
A029,66,66,Lawnmower Man 2: Beyond Cyberspace (1996),Action|Sci-Fi|Thriller,1996-01-12,https://image.tmdb.org/t/p/w500/aP8eGsCyZVCHgSMxhDa4KiC7H9B.jpg,"Now a shattered mind lurking in cyberspace, Jobe plots a return by hijacking a global VR network and rebuilding himself as something far beyond human. As reality starts to glitch, a small group races to stop a digital god who no longer needs a body.",0.7000000000000001,0.8727118644067797,the image implies an unresolved question: What is the significance of the electric arc in this image?,Lawnmower Man | Cyberspace | Man with glowing eyes | Electric arc | Golf course,"A dark, futuristic landscape with a golf course and buildings in the background.","The Lawnmower Man is holding an electric arc, creating a glowing effect around him.",The identity of the man with glowing eyes. | The exact location of the golf course relative to the buildings.,Science fiction | Action | Horror,Fear | Excitement | Curiosity,What is the significance of the electric arc in this image?,low,,,,,
A030,480,480,Jurassic Park (1993),Action|Adventure|Sci-Fi|Thriller,1993-06-11,https://image.tmdb.org/t/p/w500/maFjKnJ62hDQ9E66dKqDZgbUy0H.jpg,"A wealthy entrepreneur secretly creates a theme park featuring living dinosaurs drawn from prehistoric DNA. Before opening day, he invites a team of experts and his two eager grandchildren to experience the park and help calm anxious investors. However, the park is anything but amusing as the security systems go off-line and the dinosaurs escape.",0.6,0.7861538461538462,the image implies an unresolved question: What is the significance of the T-Rex head in this image?,Jurassic Park logo | T-Rex head | Red circle background | Yellow border around the logo | White text 'Jurassic Park',A black background with a Jurassic Park logo centered.,The T-Rex head is prominently displayed within the red circle.,No specific location or time indicated.,Action | Adventure | Science Fiction,Excitement | Fear | Curiosity,What is the significance of the T-Rex head in this image?,low,,,,,
A031,1928,1928,Cimarron (1931),Drama|Western,1931-01-26,https://image.tmdb.org/t/p/w500/cqvfhi9s1VsTgXcV1B7vX0Cb1qA.jpg,"When the government opens up the Oklahoma territory for settlement, restless Yancey Cravat claims a plot of the free land for himself and moves his family there from Wichita. A newspaperman, lawyer, and just about everything else, Cravat soon becomes a leading citizen of the boom town of Osage. Once the town is established, however, he begins to feel confined once again, and heads for the Cherokee Strip, leaving his family behind. During this and other absences, his wife Sabra must learn to take care of herself and soon becomes prominent in her own right.",0.8,0.6869047619047619,the image implies an unresolved question: What happened to the man lying on the ground?,man holding gun | woman in red dress | horse lying down | man lying on ground | gun belt,dramatic outdoor scene with fire and smoke,"man holding gun, woman reaching out, man lying on ground","exact location (e.g., battlefield) | time of day | weather conditions | identity of characters | specific details about the horse",western | action | drama,danger | intense | conflict,What happened to the man lying on the ground?,middle,,,,,
A032,1304,1304,Butch Cassidy and the Sundance Kid (1969),Action|Western,1969-09-23,https://image.tmdb.org/t/p/w500/gFmmykF1Ym3OGzENo50nZQaD1dx.jpg,"As the west rapidly becomes civilized, a pair of outlaws in 1890s Wyoming find themselves pursued by a posse and decide to flee to South America in hopes of evading the law.",0.7000000000000001,0.9414893617021277,the image implies an unresolved question: What is the relationship between Butch Cassidy and The Sundance Kid?,Butch Cassidy | The Sundance Kid | A woman riding a bicycle | A man holding a gun | A man wearing a hat,Western setting with historical attire.,Standing and posing together.,The exact expressions of the characters. | The background details beyond the frame.,Western film | Crime drama | Historical fiction,Determination | Confidence | Suspense,What is the relationship between Butch Cassidy and The Sundance Kid?,low,,,,,
A033,95,95,Broken Arrow (1996),Action|Adventure|Thriller,1996-02-09,https://image.tmdb.org/t/p/w500/iBPMwYYJFvdCBkXrwV75peo5Lz2.jpg,"When rogue stealth-fighter pilot Vic Deakins deliberately drops off the radar while on maneuvers, the Air Force ends up with two stolen nuclear warheads -- and Deakins's co-pilot, Riley Hale, is the military's only hope for getting them back. Traversing the deserted canyons of Utah, Hale teams with park ranger Terry Carmichael to put Deakins back in his box.",0.8,0.7520833333333333,the image implies an unresolved question: What is happening in this intense scene?,gun | helicopter | woman | man | plane,"a desert landscape with mountains in the background, featuring explosions and helicopters in the sky.","two men standing in front of a fiery explosion, surrounded by helicopters in the sky.",the faces of the two men | the exact type of gun being held | the specific model of the plane | the color scheme of the helicopter | the precise location of the explosion,action | science fiction | adventure,anxiety | excitement | danger,What is happening in this intense scene?,middle,,,,,
A034,1489,1489,Cats Don't Dance (1997),Animation|Children|Musical,1997-03-26,https://image.tmdb.org/t/p/w500/6CrgfB0dNUsanaMWHTv0Y6AFeNd.jpg,An ambitious singing and dancing cat in 1939 Hollywood overcomes several obstacles to fulfill his dream of becoming a movie star.,0.6,0.7921428571428573,the image implies an unresolved question: What is the theme song of this animated movie?,Cats Don't Dance | Hollywood sign | Disney characters | Musical notes | Piano keys,"A vibrant, animated scene featuring Disney characters and musical elements.",Characters are dancing and playing music together.,The specific names of the Disney characters.,Animation | Children's entertainment | Musical comedy,Joyful | Excited | Playful,What is the theme song of this animated movie?,low,,,,,
A035,3632,3632,Monsieur Verdoux (1947),Comedy|Crime,1947-08-27,https://image.tmdb.org/t/p/w500/mUPXIinTQsBdLlDaWiSl7GwQXVs.jpg,"The film is about an unemployed banker, Henri Verdoux, and his sociopathic methods of attaining income. While being both loyal and competent in his work, Verdoux has been laid-off. To make money for his wife and child, he marries wealthy widows and then murders them. His crime spree eventually works against him when two particular widows break his normal routine.",0.8,0.9849315068493152,the image implies an unresolved question: What is the significance of the man's attire and posture?,man wearing a suit | man holding a cane | man wearing a hat | man standing upright | man's shadow behind him,"a plain background with a soft, pastel color scheme",standing still,the man's facial expression | the exact details of the suit and hat | the specific type of cane being held | any additional objects in the background | the time of day depicted,classic film poster | advertisement | portrayal of a historical figure,formality | confidence | authority,What is the significance of the man's attire and posture?,middle,,,,,
A036,1503,1503,8 Heads in a Duffel Bag (1997),Comedy,1997-04-18,https://image.tmdb.org/t/p/w500/dbjS5UH7JvsQwSLMYMY5GQOSwv1.jpg,"Mafia hitman Tommy Spinelli is flying to San Diego with a bag that holds eight severed heads, which he's bringing to his superiors to prove that some troublesome rival mobsters are permanently out of the picture. When his bag gets accidentally switched at the airport, Tommy must track down his duffel bag and the 8 heads it contains.",1.0,0.8220338983050849,the image implies an unresolved question: What is the purpose of the man holding the gun towards the duck in the duffel bag?,man holding a gun | duck in a duffel bag | man wearing a suit | duffel bag with a duck inside | gun with a red label,a surreal and humorous scenario involving a man and a duck in a duffel bag.,the man is holding a gun pointed at the duck in the duffel bag.,why the man is holding a gun | what the duck is doing | where the scene takes place | who the man is | the reason behind the duck being in the duffel bag,comedy | surrealism | humor,surprise | amusement | confusion,What is the purpose of the man holding the gun towards the duck in the duffel bag?,high,,,,,
A037,2053,2053,"Honey, I Blew Up the Kid (1992)",Children|Comedy|Sci-Fi,1992-07-16,https://image.tmdb.org/t/p/w500/4EGqDo2pP2ZL0TCcYDGnwsU8liQ.jpg,"Wayne Szalinski is at it again. But instead of shrinking things, he tries to make a machine that can make things grow. As in the first one, his machine isn't quite accurate. But when he brings Nick & his toddler son Adam to see his invention, the machine unexpectedly starts working. And when Adam comes right up to the machine, he gets zapped along with his stuffed bunny.",1.0,0.8702409638554218,the image implies an unresolved question: What happened to the kid that caused the man to blow it up?,"man wearing glasses | dog standing on hind legs | red shoe with white sole | text 'HONEY, I BLEW UP THE KID' | man's hand holding dog",a humorous and comedic scenario involving a man and his dog,the man appears to be surprised or shocked while holding the dog,the background details | the exact location where this scene takes place | the reason why the man blew up the kid | the expressions on the man's face | the color of the man's shirt,comedy | family film | humor,surprise | amusement | confusion,What happened to the kid that caused the man to blow it up?,high,,,,,
A038,3408,3408,Erin Brockovich (2000),Drama,2000-03-17,https://image.tmdb.org/t/p/w500/eMs20iUQyZVs05Ck7Q0LNnRsstr.jpg,"A twice-divorced mother of three who sees an injustice, takes on the bad guy and wins -- with a little help from her push-up bra. Erin goes to work for an attorney and comes across medical records describing illnesses clustered in one nearby town. She starts investigating and soon exposes a monumental cover-up.",0.8,0.8194444444444445,the image implies an unresolved question: What is Erin Brockovich doing at the beach?,Erin Brockovich | child wearing a hat | sunscreen bottle | sunglasses | beach background,beach,Erin Brockovich holding a child,Erin Brockovich's full face | child's full body | specific details about the beach environment | weather conditions | Erin Brockovich's expression,drama | biography | family film,confidence | protectiveness | determination,What is Erin Brockovich doing at the beach?,middle,,,,,
A039,1689,1689,"Man Who Knew Too Little, The (1997)",Comedy|Crime|Thriller,1997-11-14,https://image.tmdb.org/t/p/w500/yVlIZa0u6CTN5LudxGX77Fk46iz.jpg,"An American gets a ticket for an audience participation game in London, then gets involved in a case of mistaken identity. As an international plot unravels around him, he thinks it's all part of the act.",1.0,0.8825000000000001,the image implies an unresolved question: What is the relationship between Bill Murray and the woman in lingerie and the men in suits?,Bill Murray | woman in lingerie | man in suit | smoking cigarette | cityscape background,a snowy cityscape with a woman in lingerie and two men in suits standing behind her.,"Bill Murray pointing at the camera, woman in lingerie and men in suits standing behind him.",exact location of the cityscape | specific details about the women's attire | weather conditions during the scene | time of day depicted in the image | possible dialogue or interaction between characters,comedy | drama | satire,curiosity | amusement | confusion,What is the relationship between Bill Murray and the woman in lingerie and the men in suits?,high,,,,,
A040,3400,3400,We're Back! A Dinosaur's Story (1993),Adventure|Animation|Children|Fantasy,1993-11-24,https://image.tmdb.org/t/p/w500/iyFmhYlioe3PDZjSKWtcIhu5R02.jpg,"Captain New Eyes travels back in time and feeds dinosaurs his Brain Grain cereal, which makes them intelligent and non-violent. They agree to go to the ""Middle Future"" in order to grant the wishes of children in New York City. They are to meet Dr. Bleeb of the Museum of Natural History, but get sidetracked with their new children friends and run into the Captain's evil brother, Professor Screweyes.",0.7000000000000001,0.8888157894736842,the image implies an unresolved question: What is the significance of the balloons in this scene?,Tyrannosaurus Rex | Triceratops | Pterodactyl | Two children | Cityscape background,A vibrant city street filled with colorful balloons and buildings.,"The dinosaurs are flying through the air, seemingly celebrating or moving towards the children.",The exact expressions of the children's faces. | Details about the specific types of balloons floating around.,Animation | Children's Film | Action,Excitement | Adventure | Friendship,What is the significance of the balloons in this scene?,low,,,,,
A041,3506,3506,North Dallas Forty (1979),Comedy|Drama,1979-08-03,https://image.tmdb.org/t/p/w500/5e9IeZPFmApZZ37ixq9QhYZXURq.jpg,A semi-fictional account of life as a professional football player. Loosely based on the Dallas Cowboys team of the early 1970s.,1.0,0.9733870967741935,the image implies an unresolved question: What is the significance of the two large cowboy boots in this image?,two large cowboy boots | two football players wearing white jerseys | two women in blue outfits | a bottle being held above the boots | a helmet being held above the boots,a humorous depiction of a football game with exaggerated elements,celebration and interaction between the players and women,the exact location where the event is taking place | the weather conditions during the event | the specific teams involved in the game | the time of day when the event occurred | the name of the team represented by the players,sports comedy | cartoon illustration | fan art,excitement | joy | amusement,What is the significance of the two large cowboy boots in this image?,high,,,,,
A042,3444,3444,Bloodsport (1988),Action,1988-02-26,https://image.tmdb.org/t/p/w500/kndxR9TRK0kJ5hxzDprRSS80F2W.jpg,An American Army Major goes AWOL to Hong Kong for an outlawed martial arts contest called the Kumite.,0.6,0.7905405405405406,the image implies an unresolved question: What is the significance of the golden letters on the boxing ring?,Muscular man | Boxing ring | Golden letters | Red text 'Bloodsport' | Black shorts,A boxing ring with a muscular man posing.,Posing with one arm raised and the other extended forward.,The audience or spectators in the background.,Action | Sports | Martial Arts,Confidence | Competitiveness | Strength,What is the significance of the golden letters on the boxing ring?,low,,,,,
A043,2364,2364,"Godzilla 1985: The Legend Is Reborn (Gojira) (Godzilla) (Return of Godzilla, The) (1984)",Action|Horror|Sci-Fi|Thriller,1985-08-23,https://image.tmdb.org/t/p/w500/blKtf1L6LA3mFW8aVJzxnaI8CLn.jpg,"Originally released in Japan as ""The Return of Godzilla""  in 1984, this is the heavily re-edited, re-titled ""Godzilla 1985"".  Adding in new footage of Raymond Burr, this 16th Godzilla film ignores all previous sequels and serves as a direct follow-up to the 1956 ""Godzilla King of the Monsters"", which also featured scenes with Burr edited into 1954's ""Godzilla"". This film restores the darker tone of the original, as we witness the nuclear destruction of giant lizard terrorizing Japan.",0.8,0.7894444444444445,the image implies an unresolved question: What is the significance of the year 1985 in this image?,Godzilla | airplanes | building explosion | text 'GODZILLA 1985' | sky,a cityscape under a blue sky with a dramatic explosion in the background.,"Godzilla is holding a spaceship, and airplanes are flying around it while a building explodes behind them.",the exact location of Godzilla within the city | the color of the sky other than blue | the specific type of airplane in the sky | the exact moment in time depicted | any additional characters or creatures present,science fiction | horror | action,fear | excitement | awe,What is the significance of the year 1985 in this image?,middle,,,,,
A044,1352,1352,Albino Alligator (1996),Crime|Thriller,1997-01-17,https://image.tmdb.org/t/p/w500/jOyV5Rb1MaMUl6XrWWossVTm7BA.jpg,"While escaping from a foiled robbery attempt, three thieves find themselves surrounded by police at a New Orleans bar--only they're not the people the police are searching for.",1.0,0.9810344827586208,the image implies an unresolved question: What is the significance of the alligator in this scene?,man holding gun | woman standing behind man | child sitting on floor | alligator in air | table with papers,a dimly lit room with a table covered in papers and a child sitting on the floor.,"man pointing gun at child, woman observing from behind him.",exact location of alligator relative to other objects | reasons behind the man's actions | possible backstory of characters | environmental details like lighting and decor | context of the papers on the table,horror | crime drama | mystery,anxiety | fear | concern,What is the significance of the alligator in this scene?,high,,,,,
A045,3243,3243,Encino Man (1992),Comedy,1992-05-22,https://image.tmdb.org/t/p/w500/y8HtL6pyjfODdHOFgciFVFmt8Eq.jpg,"High school misfits Stoney and Dave discover a long-frozen primeval man buried in their backyard. But the thawed-out Link—as the boys have named him—quickly becomes a wild card in the teens' already zany Southern California lives. After a shave and some new clothes, Link's presence at school makes the daily drudgery a lot more interesting.",1.0,0.8206666666666668,the image implies an unresolved question: What is the significance of the skateboarder in this humorous depiction?,skateboarder | prehistoric humans | skateboard | text 'WHERE THE STONE AGE MEETS THE ROCK AGE.' | text 'ENCINO MAN',a humorous depiction of human evolution transitioning from stone age to rock age.,the skateboarder is riding a skateboard next to images of prehistoric humans.,the exact location where the stone age meets the rock age | the reason why the skateboarder is included in this context | the specific time period being depicted | the skateboarder's name or identity | the purpose of the text 'WHERE THE STONE AGE MEETS THE ROCK AGE.',comedy | humor | science fiction,amusement | curiosity | confusion,What is the significance of the skateboarder in this humorous depiction?,high,,,,,
A046,1621,1621,Soul Food (1997),Drama,1997-09-26,https://image.tmdb.org/t/p/w500/97t6YjxjTpwQ439MJcPiPDrMAg0.jpg,"Traditional Sunday dinners at Mama Joe's turn sour when sisters Teri, Bird and Maxine start bringing their problems to the dinner table in this ensemble comedy. When tragedy strikes, it's up to grandson Ahmad to pull the family together and put the soul back into the family's weekly gatherings.",0.8,0.8150793650793652,the image implies an unresolved question: What is the theme of this movie?,woman wearing a black hat | woman with red hair smiling | man in a suit | child sitting with arms crossed | woman wearing a headscarf,a movie poster featuring a group of people in various poses,posing for the camera,the background details | the specific expressions of the characters | the exact location where the photo was taken | the time period depicted in the image | the color scheme of the poster,drama | comedy | family film,happy | confident | serious,What is the theme of this movie?,middle,,,,,
A047,3483,3483,"Road to El Dorado, The (2000)",Animation|Children,2000-03-31,https://image.tmdb.org/t/p/w500/tQuqhUBACMcGqCvliHxpJreBfXC.jpg,"Stowing away after a failed con, a pair of swindlers end up on El Dorado, the fabled ""city of gold"", where they quickly get in over their heads when they are mistaken as gods by the inhabitants.",0.8,0.9775510204081632,the image implies an unresolved question: What is the story behind the characters and their journey to El Dorado?,two characters | a horse | ancient pyramids | trees | water,a jungle with ancient pyramids in the background,"one character riding a horse, another character holding a sword",the expressions of the characters | the exact location of the pyramids | the time of day depicted | the color of the sky | the specific type of horse being ridden,adventure | fantasy | historical fiction,excitement | determination | curiosity,What is the story behind the characters and their journey to El Dorado?,middle,,,,,
A048,1037,1037,"Lawnmower Man, The (1992)",Action|Horror|Sci-Fi|Thriller,1992-03-05,https://image.tmdb.org/t/p/w500/1VLqWcel87oYVmN383FgSH0mCTY.jpg,A simple man is turned into a genius through the application of computer science.,1.0,0.8883333333333334,the image implies an unresolved question: What is the significance of the eye-shaped portal and the alien figure in this suburban night scene?,man mowing lawn | alien figure in sky | eye-shaped portal | church building | cloudy night sky,a suburban landscape at night with a church and a cloudy sky.,"man mowing lawn, alien figure hovering above the eye-shaped portal.",identity of the man mowing the lawn | purpose of the alien figure's presence | exact location of the eye-shaped portal | weather conditions during the day | additional details about the church,science fiction | horror | paranormal,curiosity | fear | mystery,What is the significance of the eye-shaped portal and the alien figure in this suburban night scene?,high,,,,,
A049,2798,2798,Problem Child (1990),Children|Comedy,1990-07-27,https://image.tmdb.org/t/p/w500/4cJK28DhybQGEldJJPtTdKlSbWB.jpg,"Ben Healy and his social climbing wife Flo adopt fun-loving seven year old Junior. But they soon discover he's a little monster as he turns a camping trip, a birthday party and even a baseball game into comic nightmares.",1.0,0.8710820895522389,the image implies an unresolved question: What is the reason behind the child sitting on top of the washing machine?,child sitting on washing machine | cat inside washing machine | woman with red hair | man with brown hair | blue laundry basket,"a domestic scene with household items like a washing machine, laundry basket, and snacks.","child sitting on washing machine, cat inside washing machine, woman looking at child, man looking at child",exact location within the home | weather conditions outside | time of day | specific type of cat | reasons behind the child's actions,comedy | family drama | humor,curiosity | surprise | concern,What is the reason behind the child sitting on top of the washing machine?,high,,,,,
A050,277,277,Miracle on 34th Street (1994),Drama,1994-11-18,https://image.tmdb.org/t/p/w500/iUTPKkljdEjPlcPPYgbUz7APnHu.jpg,"Six-year-old Susan Walker has doubts about childhood's most enduring miracle—Santa Claus. Her mother told her the secret about Santa a long time ago, but, after meeting a special department store Santa who's convinced he's the real thing, Susan is given the most precious gift of all—something to believe in.",0.7000000000000001,0.9671641791044776,the image implies an unresolved question: What is the significance of the snowflakes falling around them?,Santa Claus | child wearing red coat | snowflakes | Christmas tree | city street background,A snowy Christmas scene with Santa Claus and a child standing in front of a city street.,"Standing together, smiling at each other.",The exact location of the city street behind them. | The specific details of the Christmas tree they might be near.,Christmas film | Family drama | Children's holiday movie,Joyful | Nostalgic | Hopeful,What is the significance of the snowflakes falling around them?,low,,,,,
